Name,Phone,E-mail
COOPERATIVA DOS PRODUTORES RURAIS EM AGRI. FAM. DA JUREMA DOS MILAGRES,7536942219, coopraj2016@hotmail.com 
COOPERATIVA MISTA DE AGRICULTURA FAMILIAR LTDA,,  
,,
,,
,,
,,
"
      MARIA APOLONIA DE CARVALHO
    ",,
ASSOCIAÇÃO DE DESENVOLVIMENTO AGROPECUÁRIA,, derinhooliveira55@gmail.com 
,,
,,
,,
,,
,,
,,
,,
,,
,,
,,
,,
,,
,,
,,
,,
,,
,,
,,
,,
,,
,,
,,
,,
,,
,,
,,
,,
,,
,,
,,
,,
,,
,,
,,
,,
,,
,,
,,
,,
,,
,,
,,
,,
,,
,,
,,
,,
,,
,,
,,
,,
,,
,,
,,
,,
,,
,,
,,
,,
,,
,,
,,
,,
,,
,,
,,
,,
,,
,,
,,
,,
,,
,,
,,
,,
,,
,,
,,
,,
,,
,,
,,
,,
,,
,,
,,
,,
,,
,,
,,
,,
,,
,,
