Name,Phone,facebook,instagram,site
Site
https://www.mudestobutiquimgmail.com
https://www.instagram.com/osteriacarlosprates/?hl=pt-br
https://www.instagram.com/emporioducarmo
Espetinho do Tião
Segredo do Chef em BH
Cacau Show Coração de jesus
Frangorella Alimentos
Maria do Arabe
tIA eDNA bEER
Samuel Cardoso da Silva
SILVANA JEAN VERSIANI DUARTE
Gastronoma Gra
Brownie da Lu
O Cara do Pão
https://www.instagram.com/nativaarmazem
https://www.instagram.com/feitocomamor
https://www.instagram.com/fazendatozan
Ateliê Doces & Mais Doces
MM Nosso Cantinho
Mel da Vespa
Barton
PADARIA CONFEITARIA BOA ESPERANÇA
https://www.instagram.com/cogumelo_heroi
los Vaqueros Espeto Bar
Vila da Limpeza
Bolos Vó Bel
https://www.mammaboleira.com
Drigaderia Campinas
CRISS FRUTAS CONGELADAS STORE
SEDE D'ÁGUA
Armazém Nativa
https://www.instagram.com/brasilvegetal
https://www.instagram.com/fit.desidratados
Temperum Sabores
Det's Cake
Pastelzinho Retrô
Um pedacinho de amor
Lingüiças do Mi
Dessilite Pães
SMS ENTREGA DE ALIMENTOS
BCA DE VERDURAS DO JD. IPAUSSURAMA
https://www.instagram.com/Anadospaes
Cia das Hortaliças
Donssi Doces
https://www.instagram.com/sitiokusakariba
Sorveteria Cafe
Da horta
https://www.instagram.com/microvitapadaria
Donuts Castanhas & Cia.
Cris lanches e doces
https://www.instagram.com/dongentilis
D’Vicz Sorvetes
Paisa Café Bistrô
Cervejaria Ovelha
Alchiméia padaria
Sushiaki Ecoville
Cafés especias e alimentos agroecológicos
Produtos Orgânicos
Temperos
TR Hookah | tabacaria e bebidas
ESPETINHOS GOURMET
https://www.spazapcaffe.com.br
https://www.instagram.com/solangiedoces
https://www.instagram.com/
https://www.instagram.com/dibuteco.charcutaria
https://www.instagram.com/_asantadoceria
JC & P REFEIÇÕES E LANCHES LTDA
Feitos com Amor
https://www.instagram.com/Içapetiscaria
https://www.lojacaseiramente.com.br
https://www.sampaioemedinachar.wixsite.com/website
FRANGO DA LESTE RESTAURANTE
https://www.lollabrigadeiros.blogspot.com.br
https://www.parisbuffet.com.br
Queijos artesanais
Tosiho Suto Hortifruti
José Eduardo Pereira Mamede
Buffet Pizza Capriccio
https://www.instagram.com/emporium.198
Grazi refeições
Los Peppers
Estela do Queijo
Chocolates Edu&Rosana
Naturais da Fran
Sheila Doces & Cia
https://www.instagram.com/delicia_de_pao_caseiro
Água de Côco do Carlão
carmela rienzi finocchio me
Adega pink
DOG E COMPANHIA
BURGUER DA VILA
Lima's santos lanches
Mirante Grill
Obaaburguer
Hamburgueria Alvim's
Regina de Brito Dias
Alley one Burger
Doces & cia
KIT FESTA
Cakerelle doces
https://www.instagram.com/Cadocecereja
https://www.instagram.com/kyvia.cake
Luloka bomboniere
Espetinhos da Pri
Caldos e Sopas
Doce Recreio me
https://www.instagram.com/elboutiquesp
Lofer Comidas e Massas Caseiras
Espetos Resenha Burger & Beer
BUFFET SABOREAR
https://www.instagram.com/burguesinhapizzaria
https://www.instagram.com/bemassadogrill
bar do tonnys
Nb delicias
Alquimia Forno e Fogão
marmitaria fit food
O Frangão Delivery
https://www.instagram.com/confiteriamoran
Kipan industria de alimentos
Nova Recanto do Lanche
https://www.instagram.com/fenixfrutariabar
Noburo Yakissoba
QUINTAL DA FABI
Rai molhos& Pimentas
https://www.instagram.com/samadhyind
Vital Fit Hortifrúti e Suplementos Alimentares
Chocolateria do Brasil
NQG BURGUER
Edna Cakes
D'épices | Em Casa
https://www.instagram.com/voninatortasartesanais
Delícias de chocolate
Acarajé Aconchego Baiano
Enio Sicchiero Junior
https://www.instagram.com/marjarasampaio
Cicinha Salgados
Cicinha Doces e Salgados
https://www.instagram.com/bistromariaejoao
Pastéis Nishi
https://www.instagram.com/cafecombolooficial
imperio dos congelados
Max burgueria
Marcilia Alimentação Saudável
Restaurante
Nem Luxo Nem lixo
CINTIA IDE
Algodão Doce Bolos
Restaurante mister kilo
Drika chocolates artesanais
T&C Prato Saúde
https://www.instagram.com/delícias.bolodaana
Agrolife
Boutique do Pão
(11) 97638-3450
Bellami Gourmet
https://www.vinicolahelios.com.br
https://www.instagram.com/emporiumfitoficial
https://www.instagram.com/melotudonacozinha
https://www.facebook.com/pizzariaartecomgastronomian1gmail.com
Sacoletos Sacolé Gourmet
https://www.sitiolumi.com.br
Ane Wine
Deck Jardim
Lucca Forneira
Velosis'food
Laranja Sítio Santa Clara
crb
BAR & BARBEARIA
https://www.instagram.com/Bem.fit
MM Fit
Feira em casa
Sabores DiMinas
Aquavit Restaurante
Bar da Jaque
Casa Guandu
Café Primus
Sushi Juliano
Filos Fungi
PASTEL RIBEIRÃO
https://www.instagram.com/drhealthyrp
https://www.instagram.com/licorpaes?igshid=8knutywugtdj
Delícias Natalina
https://www.instagram.com/doceencantofood
Coresabor_marmitariaFit
Lena Lanches
https://www.instagram.com/centralfrutasrp
FAZENDA DIVINDADE
Cafeteria MoCafe
GRANO & GRANO EMPÓRIO
Shopping Clean
Paneteria da Nona
Pedacin da Roça
Confeitaria
Agro-familia - verde vivo Organicos
Pimentharium by Alberto
ENSAQUE
SILVIA SUCREE
nelisul
Sweet cake
ECO NATURE CASTANHAS
Mundo Verde Ribeirão Shopping
Meraki casa árabe
Kanpeki sushi house
https://www.instagram.com/saudavel.vidda
Restaurante Bom Sabor
https://www.instagram.com/cestadomes/
Delícias da Yaya
https://www.instagram.com/koipescados/
emporio sao matheus
Congelados
Neto Silva gastronomia
Congelados
Doce Vida
Hortifruti Andrade's
https://www.instagram.com/docesdaflor1
Açaí Tempo de Fruta
JOÃO PAULO RODRIGUES ARCIPRETE
Fit-Si
https://www.sitiolumi.com.br
Laranja Sítio Santa Clara
crb
https://www.instagram.com/gaglianonesbrownie/
Rei do Mate
Bar e restaurante do pontes
https://www.instagram.com/rainbowsorvetes
OLD SCHOOL EXPRESS
The Drunk Trunk - Botafogo
Rio açaí
"Blin- Boa, Leve e Natural"
Clube do Queijo
https://www.instagram.com/meutemperonatural
Lucca Forneira
Deck Jardim
Ane Wine
ESQUIMÓ EM CASA
Pizzas Zan
https://www.instagram.com/jr.alimentos/?hl=pt-br
Velosis'food
Sabor e Arte(culinária artesanal)
https://www.instagram.com/mrs.kluanaconfeitaria
teste
Dealer Doce e Cia
https://www.instagram.com/Container.do.sabor
https://www.instagram.com/poureliza_
Delicias da Taty
https://www.instagram.com/restauranteeskinagrill
https://www.martasbuffet.blogspot.com
https://www.facebook.com/chocosweetcia
https://www.instagram.com/sitio.recantodacachoeira
https://www.instagram.com/showcotones_caseiros
https://www.facebook.com/kimreidoaçai
https://www.instagram.com/#pededonatello
https://www.instagram.com/Buffet_Delicias_da_Lili_
FRANGO DA LESTE RESTAURANTE
https://www.instagram.com/sampaioemedinacharcutaria/?hl=pt-br
https://www.instagram.com/frutosdomaramesa
https://www.lojacaseiramente.com.br
https://www.instagram.com/dibuteco.charcutaria
Tradicional Bolos e Tortas
Aquitã Nanotorrefação
Marcia Doces Artesanais
Prisma's Buffet
Criscolate
Cida Tex delícias congeladas
https://www.instagram.com/misterdog2
Delícia de Sabor Ateliê Gastronômico
Solano Marmitex
Renan goiano e cia
Ouro de Minas
Vylli Massas e Gastronomia
Natural Jardim
Tochiba yakissoba e tempurá
Hora Carambola
Empório Santa Felicidade
Big Box Sucos E Lanches
BeautyFamily
https://www.instagram.com/
https://www.instagram.com/adegasbarsbc
https://www.instagram.com/benditamercearia
Catinho da Vera
Cereja do cafe
Dolcecana
AQUAMANIA DISTRIBUIDORA DE ÁGUA MINERAL LTDA
Entre papos & panelas
Vanessa cakes&cia
Restaurante o Maná
ToPrendada
Marmitex
Secos&Molhados
https://www.instagram.com/casasaboresdeminas
Kiki Delis
Kendys Gourmet
Alex das frutas
Restaurante Savinos
cafe
Pizzaria e Esfiharia Nova Castroni
https://www.instagram.com/esquina_doespeto
https://www.lojafhom.com.br
Massinha de pão de queijo e congelados
Naturê Vida Saudável
Rei do Baiao
Doce Thata
Pratice limp clear
Tia Rosinha Bolos Caseiros
Divina Marmitaria
Sol Delícias de doces
Culinária Girls
D’ABELHA Mel
Renata Oliveira
https://www.instagram.com/pao.da.piza
Marli Doces
Quero Mais - Comida Caseira
Mabi doces
https://www.instagram.com/emporioterraeagua
https://www.instagram.com/sushinaporta
https://www.instagram.com/Sabordemiinas
Doces do Alê
Doces Chef Lu Bruni
https://www.instagram.com/edu.dnadosabor
Su&Li bolos
https://www.instagram.com/val.refeicoes
Paty Gourmet
Delícias da Ju Bolaria
Ana Fit Food
Acquavip ABC
FINESSE QUEIJOS DA CANASTRA
Dora Produtos de Limpeza
OTrufeiro
https://www.instagram.com/damamaefitness
tentaciones da venezuela
Frutas selecionadas
Polishop
Todo Sabbor Buffet em Domicilio
Emilho
Mamy's Doce Sabor
KEKA Gourmet
Hortifruti em casa
ERS GRUPO DE COMPRA E VENDA CORPORATIVA
Toque Caseiro
Mr Jeff Gourmet
moose Bar e steakhouse
https://www.instagram.com/novoaromaprodutos2
Gran sabores salgados
Sanae Culinária Japonesa
Van Moreira Bolos e Doces
Arte Gourmet Salgados receitas artesanais
Ss Confeitaria
https://www.facebook.com/mielefabrica/
Fran Sorveteria
Regina
Horta das nacoes
M&S Confeitaria
https://www.instagram.com/anexoburger
Delitte só pão de mel
Casadoscom Açúcar
https://www.instagram.com/buffetharos
Baguetes
Dona Serra Empório Mineiro
Eli Marmitex
https://www.instagram.com/aninha.bolosetortas
Confeitaria Doce Magia
Mário Hortifruti
https://www.instagram.com/anapaula_tinker
Doces e Gostosuras
Mercadinho titi
https://www.instagram.com/Pitikaspoc
Nidia Doces
AçaiteriaAE
Chocolateiros
miyuta pasteis
https://www.instagram.com/brotocafe
Pindorama Doces Brasileiros
RC Esfiharia
Quitutes da Sarah
mercado e doceria junte
Doces e Delicias da vevé
Panificadora Parque Santa Madalena
Brasileirão Burguer
Diva's chocolates
Delícias da Nad
Emporio Luciana
Loo Frutas Verduras e Legumes
Delí Doces
Www.magazinevoce.com.br/magazinedozemarcio/
Bom Desffrute
Batatas Roots Delivery
https://www.instagram.com/docedavozinha
Saeki's yakissoba delivery
https://www.instagram.com/cogunutriarte/
Lena Delivery
FONTE BOA
https://www.instagram.com/garapariaecia
Água na boca
https://www.instagram.com/frangourmet10/
Fabio Salasar Felipe
Costa Barros mini mercado
Adega Magnus
Do jeitinho da vovó
D'O CARVALHO
HAMBURGUERIA FAZ UM X
Loja Fuji San
Mais que dogs lanches
Empório dos Produtos
Feira delivery
Caetano Martins Egidio Egidio
pizzaria top 10
THE ROASTED - Café Artesanal
Lessan Andrade Chocolates Artesanais
Cia neves de salgados
Lunch Box Marmitaria
Sabor e Saúde Água de Coco
https://www.instagram.com/amanda_gastronomiaartesanal
Delícias da Fabi's
Feira livre
https://www.facebook.com/arabe.comida.7
Comida caseira congelada
adega da patroa
TIA MARCIA DOCES E SALGADOS GOURMET
https://www.instagram.com/atelie_pedacos_de_docura
Demorô Lú
luzimar vieira
Do forno lá de casa
Sweet Anny - Confeitaria Gourmet
Dê hot dog
Atelier Dolce Manu
Sr & Sra Batata
Adega Magnus I
https://www.instagram.com/cervejariapalacio/
Cervejaria Artesanal Palácio
PÃO DE QUEIJO ARTESANAL
https://www.instagram.com/Mgj.coadores
Coco Verde Ypiranga
Pastelaria Carioca
https://www.instagram.com/ppmooca
Emporio do Estaleiro
Abelhuda Doceria
Vendas de lixeiras
Lembranças de Comer
https://www.instagram.com/marmitaee
https://www.instagram.com/qpaodemel
https://www.instagram.com/emporiumfitoficial
https://www.instagram.com/aboaterra
https://www.instagram.com/melotudonacozinha
Luloka bomboniere
Delícias Gourmet Da Ju
https://www.instagram.com/claudia_onselen
Acaraje e Lanches da Baiana Socorro
D'carioca lanches e porções
Georgia Café
Cups da Ju
Bolinhos de Feijoada da Vovó Pri
Manuella minicoxinha
https://www.instagram.com/outlookmodaacessorios
https://www.instagram.com/duende_bistro
Ice Creamy
Caldinhos da Vovó Adê
Dei@ Salgados
Quitanda da Vovô
https://www.instagram.com/mammydoceria
Emporium Sain Alimentação saudável
Doce de leite Avaré
oggi sorvetes ponta da praia
Coisas do Mar & Cia
Hortifruti Graça e Paz
https://www.instagram.com/delícias.dacarla
Caroline Moraes BDS
https://www.instagram.com/recantonene
Tortinhas geladas
Empório do Sorvete
https://www.instagram.com/reidoespetosv
Potência Piscinas
Restaurante Vila Marcon
Artes e Delícias Boutique Gourmet
Excelência Salgados
https://www.instagram.com/Larissasalgados
https://www.instagram.com/zuneideh/
Petiscos e Pastéis Forte Astúrias
TQ Real
Tia Keila Salgados e doces
Paulinhos bar
Doce companhia
https://www.instagram.com/fabolosonopote
https://www.instagram.com/VemQtemCaldos
https://www.facebook.com/araujotapiocas
https://www.instagram.com/emporiosantoantonioguaruja
Bolosdapaes
A dona do açaí
Minimercado Alves Aguiar Ltda
https://www.instagram.com/doce_bel_deliciasgourmet
https://www.instagram.com/mcbatataria/
HUG Confeitos
Mãos de fada comida caseira
https://www.instagram.com/Maispuroacaipg
teste
Pour Eliza
https://www.instagram.com/Container.do.sabor
https://www.instagram.com/mrs.kluanaconfeitaria
Dealer Doce e Cia
https://www.instagram.com/sitio.recantodacachoeira
https://www.facebook.com/chocosweetcia
https://www.instagram.com/showcotones_caseiros
Delicias da Taty
https://www.instagram.com/restauranteeskinagrill
https://www.instagram.com/martasbuffet
https://www.instagram.com/nectarbolosedoces
FRANGO DA LESTE RESTAURANTE
https://www.instagram.com/sampaioemedinacharcutaria/?hl=pt-br
https://www.instagram.com/caseiramente
Catinho da Vera
Renan goiano e cia
Vanessa cakes&cia
https://www.instagram.com/adegasbarsbc
Culinária Girls
Mabi doces
https://www.instagram.com/sushinaporta
Marcia Doces Artesanais
Solano Marmitex
Empório Santa Felicidade
https://www.instagram.com/val.refeicoes
Restaurante Savinos
OTrufeiro
Doces do Alê
Big Box Sucos E Lanches
Tia Rosinha Bolos Caseiros
https://www.instagram.com/
Naturê Vida Saudável
https://www.instagram.com/misterdog2
Tradicional Bolos e Tortas
Aquitã Nanotorrefação
Criscolate
Entre papos & panelas
Restaurante o Maná
M&S Confeitaria
Paty Gourmet
Acquavip ABC
https://www.instagram.com/casasaboresdeminas
AQUAMANIA DISTRIBUIDORA DE ÁGUA MINERAL LTDA
Vylli Massas e Gastronomia
Dolcecana
Confeitaria Doce Magia
Delícia de Sabor Ateliê Gastronômico
Doces Chef Lu Bruni
Toque Caseiro
Van Moreira Bolos e Doces
Tochiba yakissoba e tempurá
Sanae Culinária Japonesa
Marmitex
https://www.instagram.com/Pitikaspoc
Chocolateiros
Ouro de Minas
Natural Jardim
Hortifruti em casa
Sol Delícias de doces
Hora Carambola
Kiki Delis
Lena Delivery
Casadoscom Açúcar
Brasileirão Burguer
https://www.instagram.com/edu.dnadosabor
AçaiteriaAE
https://www.instagram.com/pao.da.piza
https://www.instagram.com/anapaula_tinker
Secos&Molhados
Bom Desffrute
Kendys Gourmet
Marli Doces
Quero Mais - Comida Caseira
Pizzaria e Esfiharia Nova Castroni
https://www.instagram.com/esquina_doespeto
tentaciones da venezuela
Mário Hortifruti
Gran sabores salgados
Todo Sabbor Buffet em Domicilio
Batatas Roots Delivery
Adega Magnus
Doce Thata
adega da patroa
FINESSE QUEIJOS DA CANASTRA
Rei do Baiao
RC Esfiharia
D’ABELHA Mel
Quitutes da Sarah
Ss Confeitaria
Cia neves de salgados
Regina
Restaurante A Candeia
https://www.instagram.com/emporioterraeagua
https://www.instagram.com/damamaefitness
Delícias da Ju Bolaria
Su&Li bolos
Demorô Lú
Dona Serra Empório Mineiro
Delícias Caseiras 5 Irmãos
https://www.instagram.com/garapariaecia
Adega Magnus I
FONTE BOA
https://www.instagram.com/buffetharos
Emilho
https://www.instagram.com/docedavozinha
https://www.instagram.com/aninha.bolosetortas
Arte Gourmet Salgados receitas artesanais
https://www.instagram.com/brutusconfeitaria/
Delitte só pão de mel
Delícias de minas
Mr Jeff Gourmet
Caetano Martins Egidio Egidio
Loo Frutas Verduras e Legumes
https://www.facebook.com/mielefabrica/
Delícias da Nad
Mamy's Doce Sabor
Nidia Doces
Amigas da Gula
https://www.instagram.com/frangourmet10/
https://www.instagram.com/brotocafe
Saeki's yakissoba delivery
D'O CARVALHO
Pindorama Doces Brasileiros
Casa da Eli Marmitas ( Fit/Lowcarb)
Eli Marmitex
Baunilhinhacakes
Baguetes
https://www.instagram.com/anexoburger
HAMBURGUERIA FAZ UM X
Horta das nacoes
Restaurante Donna Ines
Feira livre
Regischurras
Doces e Gostosuras
CHOCOLATES MIS
https://www.instagram.com/praline.doces
GUGA FRANGO ASSADO delivery
https://www.facebook.com/arabe.comida.7
Pizza Capriccio
https://www.instagram.com/ppmooca
Lunch Box Marmitaria
Delícias da Fabi's
DelíciaSil Bolos e Doces Artesanais
https://www.instagram.com/marmitaee
https://www.instagram.com/qpaodemel
https://www.instagram.com/atelie_pedacos_de_docura
https://www.instagram.com/aboaterra
https://www.instagram.com/melotudonacozinha
https://www.instagram.com/emporiumfitoficial
Luloka bomboniere
https://www.instagram.com/#pededonatello
Dealer Doce e Cia
https://www.facebook.com/kimreidoaçai
FRANGO DA LESTE RESTAURANTE
https://www.instagram.com/sampaioemedinacharcutaria/?hl=pt-br
https://www.instagram.com/restauranteeskinagrill
https://www.instagram.com/mrs.kluanaconfeitaria
Delicias da Taty
https://www.instagram.com/_muitodoce
https://www.instagram.com/caseiramente
C&G Comercio de ovos
https://www.instagram.com/_asantadoceria
https://www.instagram.com/dibuteco.charcutaria
https://www.instagram.com/buffetharos
Delitte só pão de mel
FINESSE QUEIJOS DA CANASTRA
https://www.instagram.com/aninha.bolosetortas
Dona Serra Empório Mineiro
Arte Gourmet Salgados receitas artesanais
Pindorama Doces Brasileiros
https://www.instagram.com/brotocafe
Casa da Eli Marmitas ( Fit/Lowcarb)
https://www.facebook.com/mielefabrica/
Kiki Delis
Sol Delícias de doces
Emilho
Do jeitinho da vovó
Doces e Gostosuras
THE ROASTED - Café Artesanal
https://www.instagram.com/esquina_doespeto
D’ABELHA Mel
Pizzaria e Esfiharia Nova Castroni
Dolcecana
Vylli Massas e Gastronomia
AQUAMANIA DISTRIBUIDORA DE ÁGUA MINERAL LTDA
TIA MARCIA DOCES E SALGADOS GOURMET
https://www.instagram.com/emporioterraeagua
Natural Jardim
Sweet Anny - Confeitaria Gourmet
Lunch Box Marmitaria
Doces e Delicias da vevé
PÃO DE QUEIJO ARTESANAL
Feira delivery
https://www.instagram.com/casasaboresdeminas
Restaurante o Maná
Entre papos & panelas
Delícias da Nad
Saeki's yakissoba delivery
Do forno lá de casa
Loo Frutas Verduras e Legumes
pizzaria top 10
Fabio Salasar Felipe
Diva's chocolates
Mário Hortifruti
Rei do Baiao
Coco Verde Ypiranga
Pastelaria Carioca
HAMBURGUERIA FAZ UM X
ESFIHAS KOMKAPRICHO
https://www.instagram.com/simonesburguer
Dani Cruz Doces
Big Box Sucos E Lanches
https://www.instagram.com/frangourmet10/
Delícia de Sabor Ateliê Gastronômico
https://www.facebook.com/arabe.comida.7
M&S Restaurante e Pizzaria
https://www.instagram.com/docedavozinha
K panquecas
https://www.instagram.com/temperotemperomeu
WAFFLES ASSADOS/CONGELADOS E CHURROS E MINI CHURROS CONGELADOS
Maege Chocolates
Mamy's Doce Sabor
CHEF GOURMET bar e restaurante
D'O CARVALHO
Su&Li bolos
Solano Marmitex
Tradicional Bolos e Tortas
Casadoscom Açúcar
Hora Carambola
Trem Bom de Minas
Aquitã Nanotorrefação
Água na boca
Emporio do Estaleiro
Lanchao farao
https://www.instagram.com/anapaula_tinker
Quitutes da Sarah
DELÍCIAS DE SOBREMESA
Ouro de Minas
https://www.instagram.com/invites/contact/?i=kh00vl8nh59b&utm_content=3ucetxw
Viva Kürtős! Culinária Húngara
https://www.instagram.com/amanda_gastronomiaartesanal
Feira livre
Wagner Lupo
Nana Gastronomia completa
RC Esfiharia
Mais que dogs lanches
RB Mercearia e Utilidades
Abelhuda Doceria
https://www.instagram.com/h2coffee.br
Belinha bolos caseiros
Sanae Culinária Japonesa
Delí Doces
Glaucia
FONTE BOA
https://www.instagram.com/fabi.fit_
Padaria Praça dos Pães
Tábua de Frios
https://www.instagram.com/ppmooca
Chef Ed Canholi
Acquavip ABC
Empório Tavane Cereais
delicias da Ro 8
https://www.instagram.com/garapariaecia
S S Hortifruti e Mercearia Ltda ME
Delícias e cakes da Lu
miyuta pasteis
Renan goiano e cia
Estação Dos Sabores
Boteco Ouzar
Prisma's Buffet
Larsol Pães e Doces Ltda
na mira da cerveja
Marcia Doces Artesanais
Dora Produtos de Limpeza
Criscolate
Sabor e Saúde Água de Coco
Kendys Gourmet
MINA DÁGUA
Athelier do Sabor
Caetano Martins Egidio Egidio
Empório Colina
https://www.instagram.com/emporiocolina
La doceria a vida e bela
Bolo do Tio Carlos
La Empaná
Confeitaria Doce Mel
Atelier Dolce Manu
https://www.instagram.com/misterdog2
https://www.instagram.com/emporiociadochurrasco
Secos&Molhados
Pizza Capriccio
Van Moreira Bolos e Doces
Toque Caseiro
https://www.instagram.com/pave_da_sissa
Lion conveniência
SENHOR ACEPIPES
Padaria Trevo De Ouro
Peu Sucré Pâtisserie
https://www.instagram.com/Docariaecia
Milk Refeições Fit
Mamma Caramelli
Ateliê do brigadeiro
REI D´ÁGUA LTDA ME
ToPrendada
CLICK LIMP DIST.
https://www.instagram.com/oreinodopeixe
Horta das nacoes
Lessan Andrade Chocolates Artesanais
Doce Thata
https://www.instagram.com/pudimdaneedya
Santo Salgado
AçaiteriaAE
https://www.instagram.com/miopaodequeijo
https://www.instagram.com/atelie_pedacos_de_docura
São José atacadista
KíDelícia Gourmet
Sitio Nossa Vida Orgânicos
Produtos de limpeza
Doces do Alê
Empadas da Mooca
Delícias da Ju Bolaria
Strogonoff da Ju
Tochiba yakissoba e tempurá
https://www.instagram.com/ateliedocegourmet.sp
Pitanga Arte em Confeitaria
Milla bolos
Marmitinhas da Jé
Deliz Café e Confeitaria
https://www.instagram.com/osalgadeiromooca
Bomboniere Mr. Doce
Catinho da Vera
BemFeita Gastronomia Afetiva
https://www.instagram.com/avilaorganicos
Virou Mexeu bolos e doces
@Queijim divó
Hirota Food Supermercados
https://www.instagram.com/val.refeicoes
Deliciosa Mania - Arte e Sabor
https://www.instagram.com/marmitaee
https://www.instagram.com/Kalizesfiharia
Ch queijos
Canton laticinios
https://www.instagram.com/pastaperte
https://www.instagram.com/catarina.coffeeandlove
Cereja do cafe
Point do tubarão
https://www.instagram.com/Cutecookiesbiscoitosdecorados
Empório Santa Felicidade
Batatas Roots Delivery
Esfihas
Mr Jeff Gourmet
https://www.instagram.com/Bistromegafitness
Canoa Cervejaria
https://www.instagram.com/todosantodiagourmet
Nina's Food
Jet Chef Refeições
https://www.instagram.com/adegasbarsbc
Vanessa cakes&cia
Mabi doces
https://www.instagram.com/despedacosbrownies
OPÇÃO SUPERMERCADO
Benedetti Doces
Marmitex
Recanto do Açúcar
https://www.instagram.com/
https://www.instagram.com/Nazoesushi
MARIANAS FOOD
Mr. Fit home
Pomar Comida Nutritiva
Vercelli Massas
Burger 181 na brasa
MASSAS CANTINA Pasta & Grill Ltda
https://www.instagram.com/videsaudavel
Vinhos Personalizados
https://www.facebook.com/cafedononno/facebook.com
Pasta Madre Mia
Sr & Sra Batata
https://www.instagram.com/sushinaporta
https://www.instagram.com/fhomalimentos
Tá na mão sabores express
EMPÓRIO DOS PÃES DOM MARCOS
King Poke
https://www.instagram.com/boloappetit
https://www.instagram.com/boloteriacravoecanela
ADEGA DO BARA LTDA
Quitanda do BARA
Alimentos da terra
Supermercado Santa Inês Ltda
Pão de mel
Beth seu disk água.
Bianca massas caseiras
https://www.instagram.com/anexoburger
Culinária Girls
ALVORADA CERVEJARIA
O Kebab
DOCES DA SILVIA - Doces Salgados e Refeições
"Açai, wrap,batata e tapioca do negao"
Afetifood
Quero Mais - Comida Caseira
Delícias da Grazi
https://www.instagram.com/unidanidoce_
OTrufeiro
https://www.instagram.com/vinicola___helios
Marli Doces
Centro de Estudo de Meio Ambiente & Integração Social CEMAIS
Baguetes
Power Clean SP
https://www.instagram.com/nanaybycris
Peixaria e Empório Vila Mar
Peixaria e Empório Vila Mar
Restaurante Savinos
Sersul
DelíciaSil Bolos e Doces Artesanais
cafe
"Antepastos, Conservas Artesanais"
Renata Oliveira
Boutique do Pão
Chocolateiros
Adega Magnus
Bio Bar
Bom Desffrute
Divino Sabor Mooca
Chefffoods Alimentos
ps://www.instagram.com/pao.da.piza
To Go Cambuci
AREPAS URBANIKA
https://www.instagram.com/baerhausdesserts
Santa Biscoiteira - Pão de Queijo Saudável
Thiago José
Naturê Vida Saudável
Max burgueria
Memórias de Minas
brigadeiro
Na mesa refeições
Adega Magnus I
Tia Rosinha Bolos Caseiros
https://www.instagram.com/trufinhas.da.giugiu
Empório Herval
Pão e Porção
"MARY HELP FAXINA GERAL EMPRESAS, CONDOMÍNIOS E RESIDENCIAS"
https://www.instagram.com/delícias.bolodaana
CINTIA IDE
Confeitaria Yellow Cake
Bellami Gourmet
Restaurante
Babi Sabor de Festa
M&S Confeitaria
https://www.instagram.com/Leburgado
Walnuts Sorvetes
Cia neves de salgados
https://www.instagram.com/despertargastronomia
https://www.instagram.com/melotudonacozinha
https://www.instagram.com/aboaterra
https://www.instagram.com/qpaodemel
https://www.instagram.com/emporiumfitoficial
Luloka bomboniere
BUFFET SABOREAR
https://www.instagram.com/dellacatty
https://www.instagram.com/massa.marino
https://www.instagram.com/sacollao.online
https://www.instagram.com/frigideirapaulista
Bolos caseiros
https://www.instagram.com/frutosdomaramesa
https://www.instagram.com/_muitodoce
https://www.instagram.com/bakeoclock.sp
emporio vô joão
https://www.instagram.com/cervejariazuraffa
https://www.instagram.com/salgadosboaopcao
https://www.instagram.com/Buffet_Delicias_da_Lili_
JC & P REFEIÇÕES E LANCHES LTDA
https://www.instagram.com/pastipippo
https://www.instagram.com/dibuteco.charcutaria
https://www.instagram.com/#pededonatello
https://www.instagram.com/verolattegelato
L.H Mercado
https://www.instagram.com/emporiodaestrada
https://www.instagram.com/caseiramente
https://www.instagram.com/_asantadoceria
https://www.instagram.com/nagaragemalways
https://www.instagram.com/mbeemel
https://www.instagram.com/lollabrigadeiros
https://www.instagram.com/sampaioemedinacharcutaria/?hl=pt-br
FRANGO DA LESTE RESTAURANTE
https://www.instagram.com/bluesbrowniesbr
https://www.instagram.com/melotudonacozinha
Quitutes da Tia Zefa
Confeitaria Delícias da Vovó
Estufa capelasso
Piero no patio do colegio
Bendita Panelinha
Cacilda Costa Paranhos
Nome do negocio
Daniel Programador
https://www.instagram.com/dicasucosartesanais
Cristiano Gomes Lopes
https://www.instagram.com/Ag_coxinhascrocante
Restaurante Puro Sabor
Ponto Chic - o famoso Bauru
Doces da fê
https://www.instagram.com/docesabor_sil
https://www.instagram.com/infinitiagua.bv
gordinho burguer
Click loja
São Luís Confeitaria e Arte
https://www.facebook.com/Restaurante-72-161536587674952/
Copão Padaria
https://www.instagram.com/orei.da.empada
Feira on line delivery
sparkys
Ajeum comida afetiva
vinhos eduardo dorilio
"1, 2... Delícia"
Sapadaria
Rei Kalifa Esfiharia Ltda.
Tunnel Delivery
To Go Cambuci
Cris Chocolates
Na mesa refeições
https://www.instagram.com/bolobombom__
Santa Biscoiteira - Pão de Queijo Saudável
Shake Point Herbalife Comida Saudável
Rotisserie Capeline
https://www.instagram.com/comcarinhomicha
https://www.instagram.com/titusbar/?hl=pt-br
Divino Sabor Mooca
"Antepastos, Conservas Artesanais"
Bio Bar
Senhora Rodrigues Massas
Eximia comercio de bebidas ltda
https://www.instagram.com/fabriequeta.sp
https://www.instagram.com/_aquiche
Sítio dona Lourdes
Klab Azeites
Doces da Vila
Thiago José
frutas boa
Pão de mel
Esquina do Fuad
Restaurante e rotisseri Tiziano cappai
https://www.instagram.com/cafe.bembrasil
Rebolô Bolos Caseiros
Restaurante katarina
https://www.instagram.com/aboaterra
Beth seu disk água.
Bianca massas caseiras
Fit For You
Modi Gastronomia
https://www.instagram.com/skalagaucha.churrascaria?igshid=l6oo4qc8n9i5
https://www.instagram.com/http://www.instagram.com/pontochicsp
https://www.instagram.com/tubainabarecozinha
https://www.instagram.com/pot_mania
Slim day sp
Anita
NaKrô Poke
https://www.instagram.com/ateliedocefino
Bassano Restaurante
Juní
Kibe da Dona Nê
https://www.facebook.com/despertargastronomia
Casa de Bolos Consolação
KAMPAI DOCES
Rosy frutas selecionadas
https://www.instagram.com/soulbrasilcuisine
Yakisoba Kaya
Doceria la bucai
Chocolateria brasileira-D
Burger 181 na brasa
despertah comercio de alimentos saudaveis
https://www.instagram.com/tangselma
https://www.instagram.com/mixdistribuidora12gmail.com
Nova Opcão Tapiocaria
Vendivinhos
https://www.instagram.com/pizzariaestreladoparaiso
https://www.instagram.com/atlanticakombucha
https://www.instagram.com/spazioorganicosp
Biscotteria Cookie & Cia
VERINHA DOCES
Agoa'rá Bar
https://www.instagram.com/benditasejadoceria
Café com Quintal
Caffé Panino
Hirota Food Supermercados
Arte na Cozinha Restaurante
@Queijim divó
Peixaria e Empório Vila Mar
Erika Hortifruti
Deliz Café e Confeitaria
https://www.instagram.com/partiusemgluten
comida com historia_culinaria judaica
Amora Coffea
Cheff brutt
https://www.instagram.com/cookandjoybr
https://www.instagram.com/cookandjoybr
Komakí Restaurante
Claudia Vida Balas de Coco
Duas Terezas
Roberta Mello
Divin'Art Burger
LicoWine bebidas e alimentos
Marmitas Farofa
https://www.instagram.com/tatik_cozinhaarmenia
https://www.instagram.com/Deliciaslugimenez
https://www.instagram.com/deliciasbyrose
Dona Tapioca e Açaí - Vila Mariana
Doces & Salgados
https://www.instagram.com/cuordicrema
https://www.instagram.com/casa_da_vo_sabor_de_infancia
LE BOTTEGHE DI LEONARDO
MARIANAS FOOD
Cleanfort Produtos de Higiene e Limpeza
Cláudia Flório Doces
https://www.instagram.com/queens_homemade?igshid=1davmmp62k5xw
HEITOR TOSHIO KOHATSU
CAJU MEL DOCES - BOMBONIERE
SWEET COOK
Sitio Ninho dos Pica-Paus
Comercial alimentacao alimentacao aashri bad ltda
Marmitinhas da Jé
EMPÓRIO DA CERVA E PETISCOS
Josefa Luciene Weiland França Eireli ME
https://www.instagram.com/Leburgado
"Açai, wrap,batata e tapioca do negao"
Empadas da Mooca
Lia Oliveri Massas & Focaccia
Hamburgueria
https://www.instagram.com/osalgadeiromooca
Econiwa Orgânicos
Torta da Doris
Memórias de Minas
Walnuts Sorvetes
Tá na mão sabores express
Oke salgados e doces
Empório Herval
AREPAS URBANIKA
Casa Tomatito
REI D´ÁGUA LTDA ME
https://www.instagram.com/caramelizabrasil
https://www.facebook.com/catarina.coffeeandlove
https://www.instagram.com/nanaybycris
SP Lovers Café e Vinho
https://www.instagram.com/boloteriacravoecanela
https://www.instagram.com/kuchosatacadoevarejo/
Canton laticinios
Supermercado Santa Inês Ltda
https://www.instagram.com/oreinodopeixe
Sweetchela Doçaria
LANCHONETE 1005
https://www.instagram.com/jularanjadoce
J Sasson Confeitaria e Panificação Artesanal
https://www.instagram.com/baerhausdesserts
https://www.instagram.com/Cutecookiesbiscoitosdecorados
Terral Cervejas Especiais
IceburGER :: Sanduíche de Sorvete Artesanal
Mamma Caramelli
Milk Refeições Fit
the little coffee shop
Tia Nanai Bomboniere
ARCO ÍRIS DISTRIBUIDORA DE ÁGUA
Recanto do Açúcar
https://www.instagram.com/bellaitaliasp
LOWKO - O SORVETE IMPOSSÍVEL
Eskina do Espeto
Delícias e cakes da Lu
PEIXARIA ATENAS
Larsol Pães e Doces Ltda
Tortas do Caio
https://www.instagram.com/trufinhas.da.giugiu
O Kebab
Sopinhas
LDR bebidas
Formigamigadoces
Bomboniere Mr. Doce
Strumpf
https://www.facebook.com/cafedononno/facebook.com
Ateliê do brigadeiro
Mar a vista
https://www.instagram.com/emporiosaojoao
https://www.instagram.com/emporiocolina
Empório Colina
Oh Café - Chef Alexandre Lescovar
https://www.instagram.com/marmita_fina
Empório Chelmi
Empório La Donatta
T&C Prato Saúde
https://www.instagram.com/pave_da_sissa
Hagani Congelados
Pastissimo Restobar
Wagner Lupo
https://www.instagram.com/abdalla.culinaria.arabe/
https://www.instagram.com/despedacosbrownies
Padaria Praça dos Pães
Restaurante Brunetto
Mochissimo
Nana Gastronomia completa
TUTTO GUSTO PIZZAS
Restaurante Suri
https://www.instagram.com/fabi.fit_
Casa de bolos Itaim bibi
https://www.instagram.com/pratosaude2020
https://www.instagram.com/chezfe_
Pie in The Sky Restaurante Britânico
https://www.instagram.com/bigburguerbrasil/
O Banquete - A essência das empanadas
https://www.instagram.com/ciamineiradosabor
wellness for good produtos para bem estar
Oggi Vila Maria
Produtos de limpeza
https://www.instagram.com/Kalizesfiharia
QUITANDA ORGÂNICA MOURATO
https://www.instagram.com/estacaomourato
Esfihas
Doce de Laura
https://www.instagram.com/noimicropadaria/?hl=pt-br
brigadeiro
Amo Orgânico Quitanda
Casa de Carnes Fradique Coutinho
OPÇÃO SUPERMERCADO
BemFeita Gastronomia Afetiva
BEM E BOM COZINHA SAUDAVEL
Boteco Ouzar
Cozinha da Bê Marmitas Personalizadas
Peu Sucré Pâtisserie
https://www.instagram.com/md.saopaulo
https://www.instagram.com/h2coffee.br
Viva Kürtős! Culinária Húngara
https://www.instagram.com/vengo_food
Fábrica de Bolo Vó Alzira Itaim
Confeitaria Yellow Cake
Poupachef
Alessandro Riciol
https://www.instagram.com/padaria_jesbell
BUONISSIMO PIZZA ITALIANA
Feira do João
Glaucia
https://www.instagram.com/lili_natural
Reiaguas comercio de aguas e bebidas eireli
https://www.instagram.com/unidanidoce_
Agrolife
Quintal Buriti Cozinha Vegana E Vegetariana
Canoa Cervejaria
Bolo do Tio Carlos
Bolos doces Bolachas e marmitas fitnes
BrigaHeroes
Comércio de Frutas R.V. - Feira Livre
https://www.instagram.com/brasaebreja
delicias da Ro 8
Sitio Nossa Vida Orgânicos
Tábua de Frios
ALVORADA CERVEJARIA
arepas picatta
Casa95
Jet Chef Refeições
Sanduicheira Caseira
Athelier do Sabor
Acarajé Aconchego Baiano
https://www.instagram.com/sips.on.bottle
https://www.instagram.com/a4maosmarmitaria
Pomar Comida Nutritiva
Queijos da Canastra
Autêntico Empório
ALENCAR MINIMERCADO
Enio Sicchiero Junior
Martins Café
https://www.instagram.com/ateliedocegourmet.sp
Pão e Porção
comercio de doce luvizari
Sofá Café
CHEF GOURMET bar e restaurante
https://www.instagram.com/nolagranola.oficial
Divino Sonho Bistrô - Refeiçoes Irresistíveis
Maege Chocolates
SENHOR ACEPIPES
FRIOS E LATICÍNIOS LUVIZARI
Pitanga Arte em Confeitaria
Chef Ed Canholi
https://www.instagram.com/pastaperte
MINA DÁGUA
La Empaná
EMPÓRIO DE PRODUTOS DE MINAS
MAGIA NA COZINHA
Alma Café
trattoria villa dei cesari
Cicinha Salgados
Cicinha Doces e Salgados
King Poke
https://www.instagram.com/foodbrazilspicesherbs
Distribuidora AM Hortifruti
Estação Dos Sabores
Mr. Fit home
Barão&Duquesa Alimentos
Nosso Cafe Moema
Benedetti Doces
ttps://www.instagram.com/boloappetit
Vercelli Massas
Top Gran Artesanal
Bellami Gourmet
Barraca de Frutas do Sergio
https://www.instagram.com/Nazoesushi
Geral Vegana
Tiessa
Pecorino Cucina Mediterrânea - Unidade Itaim
Queijo e massas
1922 Cervejaria
Mercearia Santos
https://www.instagram.com/comidaderespeito
Nem Luxo Nem lixo
Gisela Scavone Seleção Gourmet
Moracci sorvetes - O PICOLE
Pastelaria Carioca
Coco Verde Ypiranga
Casa da vizinha
Frentano
Bolos
Casa da Gula
https://www.instagram.com/Si_restaurante
Alimentos da terra
Kirma Delivery
Confeitaria Doce Mel
Lion conveniência
Restaurante mister kilo
Gula Divina comércio e distribuição de alimentos ltda
Dona Cora Sabores
Maschio Massas & Alimentos
Vital Fit Hortifrúti e Suplementos Alimentares
Dani Cruz Doces
Pitéu secos & molhados
Blackcup Cafe
Mercadinho Vila Maria
Emporio do Estaleiro
Valérie Leterrier
Blends Café Cultura
Crispirinha Comidinhas e Eventos
https://www.instagram.com/Monteiro_alimentos
Bendito Solo
https://www.instagram.com/levesabor_
Chefffoods Alimentos
https://www.instagram.com/bijuba.doces/
Abelhuda Doceria
Armazém Fit Store
Delícias de chocolate
https://www.instagram.com/casapatiolounge
https://www.instagram.com/voninatortasartesanais
LOJAS BARATÃO MOEMA
Kipan industria de alimentos
Batata Súper
Sada Cuisine Comércio de Alimentos Ltda
WAFFLES ASSADOS/CONGELADOS E CHURROS E MINI CHURROS CONGELADOS
O Tal do Congelado
https://www.instagram.com/lugar166
Delisserie Gastronomia Artesanal
SÓ ABACATES
Sabor de Minas Marmitex
Alemão do CocoAçai & Orgânicos
https://www.instagram.com/bolosdasel
Flor cacau bombons e presentes
https://www.instagram.com/Baudanana
JK Empório de Chocolates Eireli EPP
Máscaras em tnt
Julia Carvalho de Oliveira
https://www.instagram.com/browniedadinda
Cinque Sensi gastronomia
https://www.instagram.com/Bistromegafitness
Completo
https://www.instagram.com/cafecombolooficial
Roslimp
Cozinheira em casa
Fonte Mirante
https://www.instagram.com/ppmooca
Vinhos Personalizados
https://www.instagram.com/miopaodequeijo
Empório Massone
https://www.facebook.com/arabe.comida.7
Bar e restaurante do Gill
Tortiches Mafê
https://www.instagram.com/vitucciopizzeria
Rose Cakery Ateliê
Embalú - Embalagens e Descartáveis
Lunch Box Marmitaria
Don Marconi
https://www.instagram.com/vinicola___helios
CINTIA IDE
marmitaria fit food
Bombom de morango e Cerejão
Buffet Arquitetando Paladar
Conveniência Orgânica
Pasta Madre Mia
Nb delicias
Bolos Doces & Cia
Santa Garfada
Açaí Magnífico
Edna Cakes
https://www.instagram.com/brigadissimo
Marroquina Couscous
Empório Mercadão
Empório Feijoada Chic
Assados de Quebrada
Mini pizza pimentinha
Pizza Capriccio
https://www.instagram.com/videsaudavel
Babi Sabor de Festa
https://www.instagram.com/temperotemperomeu
https://www.instagram.com/samadhyind
Star chicken frango frito/almoço
HAMBURGUERIA FAZ UM X
https://www.instagram.com/avilaorganicos
https://www.instagram.com/snacktainer_
Flour & Suggar Cakes
Tapiocas
JATPEL DISTRIBUIDORA
https://www.instagram.com/drikkacoelhosommeliere
TIA MARCIA DOCES E SALGADOS GOURMET
Herbalifebutantasol
Feira livre
Lili Doces e salgados
bar do tonnys
https://www.instagram.com/bemassadogrill
Castanha-do-pará da Silvinha
Restaurante a família
FokusCyberCafé
Pão da Patcha
tonetto hortifruti
Santo Salgado
https://www.instagram.com/villanovellara
Belinha bolos caseiros
DELÍCIAS DE SOBREMESA
Power Clean SP
Seu Marioli
Casa de Bolos Brooklin
Saeki's yakissoba delivery
JOJU LIMPA TUDO
Friends Foods Congelados
https://www.instagram.com/delicias_da_bah
Essencial Clean
Iké Natural
SOU ICE ALTO DE PINHEIROS SORVETES E CONGELADOS
Alquimia dos Doces
https://www.instagram.com/bolinhosdanasa
Vendas de lixeiras
https://www.instagram.com/todosantodiagourmet
Equinox Beer House
limpeza Mágica Spells
Lanches
D'O CARVALHO
https://www.instagram.com/marmitaee
https://www.instagram.com/anutri.adri
Afetifood
https://www.instagram.com/frangourmet10/
NQG BURGUER
https://www.instagram.com/vegamoemporio
Restaurante Papito
PÃO DE QUEIJO ARTESANAL
Maria Filó Bolos e Doces
Loo Frutas Verduras e Legumes
Delícias da Nad
Ancona Espaço Gastronômico
https://www.instagram.com/cestasdovaleorganicos
Empório Delicias e Sabores
Mix.eco
Bolo caipira
"3 Maninha's - pães, tortas, bolos e doces caseiros."
BUFFET SABOREAR
https://www.instagram.com/lemelartloungeclub
https://www.instagram.com/bolosdagracas
https://www.instagram.com/gelatofarfalla
Do jeitinho da vovó
https://www.instagram.com/katiabrave
Vida Doce Serviços Afetivos
Ovos delivery
Casa de bolos
Sweet Anny - Confeitaria Gourmet
https://www.instagram.com/confiteriamoran
Sabor e Saúde Água de Coco
Tatini Rosticceria
Strogonoff da Ju
Bread Social Club
SIM SOBÁ - Culinária Sul-Mato-Grossense em São Paulo
Madame di cacao
Dear Cupcake
Giuca's Massas
MWFOODSERVICES
Wilson Gusmão
padoca do brique
https://www.instagram.com/docedavozinha
Chef Kleber
Cantinho Feliz Bebidas Doces Salgados
ESFIHAS KOMKAPRICHO
Pizza congelada broto
DOCES DA SILVIA - Doces Salgados e Refeições
mercado e doceria junte
Sabor & Pizza
https://www.instagram.com/geleiasengenhodaterra
Lofer Comidas e Massas Caseiras
La Cucina di Casa
Bolos e Docinhos
Bolos e Docinhos da Rosi
Nidia Doces
Q.CREMOSO-GOURMET
Caetano Martins Egidio Egidio
https://www.instagram.com/dibarbozzapizzas
Caldos e Sopas
Pindorama Doces Brasileiros
Luloka bomboniere
https://www.instagram.com/Cadocecereja
THE ROASTED - Café Artesanal
Hortifrut Lorena
Restaurante Tijolinho Morumbi
https://www.instagram.com/brotocafe
Barraca Sinésio
Baked Cake
https://www.instagram.com/cachacasobria
CLICK LIMP DIST.
Henrique Silva
FONTE BOA
Costa Barros mini mercado
Doce Aroma Cafeteria
fabrica de salgados fritos & forno
Tabacaria Consulado del Charuto
https://www.facebook.com/NOVAdiskaguaMorumbi/
https://www.instagram.com/
Padaria Trevo De Ouro
Ch queijos
https://www.instagram.com/emporiociadochurrasco
PNA Global Comércio de Descartáveis ME
Mercadinho titi
Italian Vinhos
MOYSES DAMIANI
RB Mercearia e Utilidades
https://www.instagram.com/
Espetinhos da Pri
https://www.instagram.com/garapariaecia
O Frangão Delivery
QUINTAL DA FABI
Pão de Queijo Artesanal Dona Celina
Gogó da Ema - Morumbi
TORTA DA MARIA MORUMBI
https://www.instagram.com/paogarimpeiro
https://www.instagram.com/elboutiquesp
In'natura Berries
Nutty do Brasil
Sersul
Www.magazinevoce.com.br/magazinedozemarcio/
Lulegu delícias árabes
https://www.instagram.com/cucina2005
Kilua cervejas especiais
Max burgueria
Biju Doces e Bolos
Consulado das Massas
Sucré et Salé
Trem Bom de Minas
Assados para o Natal
Aloe babosa vera
https://www.instagram.com/marmitariabompaulistano
DelíciaSil Bolos e Doces Artesanais
Delícias de Sisi
https://www.instagram.com/qpaodemel
https://www.instagram.com/dellacatty
https://www.instagram.com/atelie_pedacos_de_docura
https://www.instagram.com/emporiumfitoficial
Distribuidora de mineral purissima
https://www.instagram.com/deliciasdafelicidade
https://www.instagram.com/misturadeamorgyn
https://www.instagram.com/quintalde.mainha
https://www.instagram.com/natal.pescados
Mix Kalacs
Ateliê Santa Catarina
https://www.instagram.com/a.j.sementeira
Gioielli 18k
EBusiness Coworking Office
Cacau Show Tambaú
GUITAR GRILL BURGUER E PARRILLA
amor.in cestas
Salgados e mini pizza
Vitrine da Cerveja
Pizza em Casquinha
Darma Pizzas
https://www.instagram.com/nectarbolosedoces
https://www.instagram.com/distribuidora_hideal
https://www.instagram.com/poureliza_
Dealer Doce e Cia
https://www.instagram.com/sitio.recantodacachoeira
https://www.instagram.com/mrs.kluanaconfeitaria
https://www.instagram.com/verolattegelato
https://www.instagram.com/bakeoclock.sp
https://www.instagram.com/showcotones_caseiros
Toca da Nonna Marmitas Saudáveis
Tapiocaria garagem de Minas
https://www.instagram.com/Buffet_Delicias_da_Lili_
https://www.instagram.com/frutosdomaramesa
FRANGO DA LESTE RESTAURANTE
https://www.instagram.com/sampaioemedinacharcutaria/?hl=pt-br
https://www.instagram.com/caseiramente
Bom Desffrute
Loja Fuji San
Adega Magnus
Chocolateiros
Cia neves de salgados
Batatas Roots Delivery
Demorô Lú
AçaiteriaAE
https://www.instagram.com/Mgj.coadores
Van Moreira Bolos e Doces
Toque Caseiro
Adega Magnus I
Delícias de minas
Baunilhinhacakes
Amigas da Gula
Acquavip ABC
Sanae Culinária Japonesa
https://www.instagram.com/brutusconfeitaria/
Doces do Alê
M&S Confeitaria
Lena Delivery
https://www.instagram.com/val.refeicoes
CHOCOLATES MIS
GUGA FRANGO ASSADO delivery
https://www.instagram.com/praline.doces
Ovos Bruna e Seigi
https://www.instagram.com/anapaula_tinker
Casadoscom Açúcar
Mabi doces
RC Esfiharia
Dog do Kabelo
OTrufeiro
https://www.instagram.com/sushinaporta
Gabriela Bolos e Chocolates
Regischurras
Quitutes da Sarah
Art Massas Olivar
Silvia Costa Candy Designer
Rio peixe
Lucena doces e salgados
Restaurante A Candeia
Nani Refeições
Saborizatti
ToPrendada
adega da patroa
feito por nos chocolateria
https://www.instagram.com/garapariaecia
https://www.instagram.com/bolosbrenneckes
https://www.instagram.com/distribuidora_hideal
Mário Hortifruti
https://www.instagram.com/lavexyprodutos
Caetano Martins Egidio Egidio
FONTE BOA
DelíciaSil Bolos e Doces Artesanais
https://www.instagram.com/nossasdelicias.tf
Sersul
Culinária Girls
Big Box Sucos E Lanches
https://www.instagram.com/brasildocariab
Sabor e Saúde Água de Coco
https://www.instagram.com/casasaboresdeminas
Restaurante o Maná
Entre papos & panelas
Alex das frutas
https://www.instagram.com/fhomalimentos
La Tortura Confeitaria
DOCES DA SILVIA - Doces Salgados e Refeições
Renata Oliveira
https://www.instagram.com/docedavozinha
https://www.instagram.com/xcraftbeer
Bollofofo e Cia
Claudia Marim confeitaria
Catinho da Vera
Empanadas Chilenas
Km feira delivery
Assados para o Natal
Confeitaria Doce Magia
https://www.instagram.com/marmitaee
Solano Marmitex
Kascao Express Interlagos
"Pães , tortas e afins!!"
Renan goiano e cia
AQUAMANIA DISTRIBUIDORA DE ÁGUA MINERAL LTDA
https://www.instagram.com/vovojoanaa
Titobier
Harumi Doces & Salgados
https://www.instagram.com/kibelezasabores
Dolcecana
Dona Neves Restaurante
D'O CARVALHO
Vanessa cakes&cia
https://www.instagram.com/qpaodemel
Aloe babosa vera
Afetifood
Frutas selecionadas
Dedo de Moça Conservas
https://www.instagram.com/frangourmet10/
Pizza Capriccio
https://www.instagram.com/avilaorganicos
Sol Delícias de doces
Feira livre
Pratice limp clear
Mercadinho titi
https://www.instagram.com/cogunutriarte/
https://www.instagram.com/fazendaverdeoliva
Loo Frutas Verduras e Legumes
DOCES ARTESANAIS DA FRAN
Beletto
https://www.instagram.com/videsaudavel
In'natura Berries
https://www.instagram.com/adegasbarsbc
Delícias da Nad
https://www.instagram.com/miopaodequeijo
Nutty do Brasil
https://www.instagram.com/edu.dnadosabor
Vylli Massas e Gastronomia
Nhoqueria Vó Gina
https://www.instagram.com/Pitikaspoc
Marcia Doces Artesanais
Temperadin
Restaurante Savinos
Saeki's yakissoba delivery
https://www.instagram.com/ppmooca
cafe
HAMBURGUERIA FAZ UM X
Ss Confeitaria
https://www.instagram.com/drikkacoelhosommeliere
Restaurante Donna Ines
luni gastronomia
https://www.instagram.com/bolovers/
SOFFIONE - Il vero gelato
Tia Rosinha Bolos Caseiros
Lion conveniência
Cumbuquinha Congelados
Empório Santa Felicidade
Abelhuda Doceria
tentaciones da venezuela
O cuscuz.sp
https://www.facebook.com/arabe.comida.7
Delícias Caseiras 5 Irmãos
"Blessed Noodles, Massa Artesanal"
La Cucina di Casa
Alimentos da terra
Emporio do Estaleiro
Polishop
Naturê Vida Saudável
https://www.instagram.com/bolos_do_pai_
Benedetti Doces
Vercelli Massas
Tradicional Bolos e Tortas
Cida Tex delícias congeladas
Mr. Fit home
Brasileirão Burguer
Estação Dos Sabores
SIM SOBÁ - Culinária Sul-Mato-Grossense em São Paulo
Carnes Halley
SÓ ABACATES
Bread Social Club
https://www.instagram.com/pastaperte
Casa de bolos
Aquitã Nanotorrefação
SENHOR ACEPIPES
La Empaná
Tatini Rosticceria
https://www.instagram.com/ateliedocegourmet.sp
MINA DÁGUA
Bar e restaurante do Gill
P&P Confeitaria e Rotisserie
https://www.instagram.com/
FINESSE QUEIJOS DA CANASTRA
Paty Gourmet
Castanha-do-pará da Silvinha
Chef Ed Canholi
Hortifruti banana prata
Sitio Nossa Vida Orgânicos
Dona Serra Empório Mineiro
Buffet Arquitetando Paladar
Jet Chef Refeições
https://www.instagram.com/misterdog2
Peixaria Anchieta
Center Carnes Canadense
Don Marconi
Vida Doce Serviços Afetivos
Nidia Doces
Vibe Gastronomia
Prisma's Buffet
Canoa Cervejaria
https://www.instagram.com/brownie_affair
Criscolate
Kiki Delis
https://www.instagram.com/rmeventos_doces_artesanais
Bolo do Tio Carlos
Delícia de Sabor Ateliê Gastronômico
ALVORADA CERVEJARIA
BemFeita Gastronomia Afetiva
Peu Sucré Pâtisserie
Tabacaria Consulado del Charuto
https://www.instagram.com/benditamercearia
OPÇÃO SUPERMERCADO
Produtos de limpeza
delicias da Ro 8
https://www.instagram.com/Sabordemiinas
Doces Mellos doces Interlagos
https://www.instagram.com/Kalizesfiharia
Esfihas
https://www.instagram.com/unidanidoce_
Madame di cacao
Pão e Porção
moose Bar e steakhouse
https://www.instagram.com/brotocafe
mercado e doceria junte
Direto do Forno SP
Valérie Leterrier
O Tal do Congelado
Natural Jardim
Massinha de pão de queijo e congelados
Dê hot dog
https://www.instagram.com/despedacosbrownies
Doceskina
https://www.instagram.com/pastadeamendoimdatereza
https://www.instagram.com/confeitar.isa
Boteco Ouzar
Pindorama Doces Brasileiros
Ana Fit Food
Other World's Coffee
Lunch Box Marmitaria
https://www.instagram.com/lojas.gato.preto
https://www.instagram.com/buffetharos
Glaucia
https://www.instagram.com/aninha.bolosetortas
Bomboniere Mr. Doce
Gisela Scavone Seleção Gourmet
Doces Chef Lu Bruni
LOJAS BARATÃO MOEMA
https://www.instagram.com/pave_da_sissa
Ma-q pizza
https://www.facebook.com/cafedononno/facebook.com
CHEF GOURMET bar e restaurante
Maege Chocolates
Ateliê do brigadeiro
https://www.instagram.com/h2coffee.br
Armazém Fit Store
Tiessa
Terracota Paes
Coco Verde Ypiranga
Pastelaria Carioca
O Kebab
Viva Kürtős! Culinária Húngara
https://www.instagram.com/emporiocolina
Recanto do Açúcar
Seu Marioli
Empório Colina
Crispirinha Comidinhas e Eventos
https://www.instagram.com/gelatofarfalla
Nosso Cafe Moema
"Corrêa & Silva Pães, Salgados e Sobremesas"
Polesano
Pizzaria e Panquecaria Duas Torres
https://www.instagram.com/fabi.fit_
https://www.instagram.com/esquina_doespeto
https://www.instagram.com/aboaterra
https://www.instagram.com/melotudonacozinha
https://www.instagram.com/dellacatty
https://www.instagram.com/atelie_pedacos_de_docura
Luloka bomboniere
